Workbook

Sheet Test
A1: Steps | B1: Type | C1: Input
A2: LOAD_REF_DATA | B2: FILE_UPLOAD | C2: IFRS9_Stage3/ReferenceData/RefData_Ifrs9.xlsx
A3: EVENT_CONFIGURATION | B3: CONFIGURATION | C3: IFRS9_Stage3/EventConfigurations.json
A4: MODEL_UPLOAD | B4: FILE_UPLOAD | C4: IFRS9_Stage3/Model/IFRS9_Stage3_Model.xlsx
A5: MODEL_CONFIGURATION | B5: CONFIGURATION | C5: ATTRIBUTE
A6: CUSTOM_TABLE_DEFINITION | B6: CONFIGURATION | C6: IFRS9_Stage3/CustomTableDefinitions.json
A7: ACTIVITY_UPLOAD | B7: FILE_UPLOAD | C7: IFRS9_Stage3/ActivityData/ActivityData.xlsx
A8: MODEL_EXECUTION | B8: EXECUTION | C8: 45688
A9: UPLOAD_CUSTOM_DATA | B9: FILE_UPLOAD | C9: IFRS9_Stage3/ActivityData/ActivityData_D2_Custom.xlsx
A10: MODEL_EXECUTION | B10: EXECUTION | C10: 45716
A11: UPLOAD_CUSTOM_DATA | B11: FILE_UPLOAD | C11: IFRS9_Stage3/ActivityData/ActivityData_D3_Custom.xlsx
A12: ACTIVITY_UPLOAD | B12: FILE_UPLOAD | C12: IFRS9_Stage3/ActivityData/ActivityData_D3.xlsx
A13: MODEL_EXECUTION | B13: EXECUTION | C13: 45747
A14: UPLOAD_CUSTOM_DATA | B14: FILE_UPLOAD | C14: IFRS9_Stage3/ActivityData/ActivityData_D4_Custom.xlsx
A15: MODEL_EXECUTION | B15: EXECUTION | C15: 45777

Sheet O_TransactionActivity
A1: TransactionActivity | B1: {"instrumentId": "LN-1001"}
A2: postingDate ASC | B2: attributeId ASC | C2: transactionName ASC | D2: source ASC | E2: effectiveDate ASC | F2: instrumentId | G2: amount | H2: originalPeriodId | I2: accountingPeriod.periodId | J2: isReplayable
A3: 20250131 | B3: 1 | C3: ORIGINATION_PRINCIPAL | D3: MODEL | E3: 20250131 | F3: LN-1001 | G3: 12000 | H3: 202501 | I3: 202501 | J3: 0
A4: 20250228 | B4: 1 | C4: IMPAIRMENT_LOSS | D4: MODEL | E4: 20250228 | F4: LN-1001 | G4: -3065.4515 | H4: 202502 | I4: 202502 | J4: 0
A5: 20250228 | B5: 1 | C5: INTEREST_ACCRUAL | D5: MODEL | E5: 20250228 | F5: LN-1001 | G5: 60 | H5: 202502 | I5: 202502 | J5: 0
A6: 20250331 | B6: 1 | C6: IMPAIRMENT_LOSS | D6: MODEL | E6: 20250331 | F6: LN-1001 | G6: -283.987 | H6: 202503 | I6: 202503 | J6: 0
A7: 20250331 | B7: 1 | C7: INTEREST_ACCRUAL | D7: MODEL | E7: 20250331 | F7: LN-1001 | G7: 55.15 | H7: 202503 | I7: 202503 | J7: 0
A8: 20250331 | B8: 1 | C8: PAYMENT_INTEREST | D8: ETL | E8: 20250331 | F8: LN-1001 | G8: -60 | H8: 202503 | I8: 202503 | J8: 0
A9: 20250331 | B9: 1 | C9: PAYMENT_UPB | D9: ETL | E9: 20250331 | F9: LN-1001 | G9: -970 | H9: 202503 | I9: 202503 | J9: 0
A10: 20250430 | B10: 1 | C10: IMPAIRMENT_GAIN | D10: MODEL | E10: 20250430 | F10: LN-1001 | G10: 2836.4296 | H10: 202504 | I10: 202504 | J10: 0
A11: 20250430 | B11: 1 | C11: INTEREST_ACCRUAL | D11: MODEL | E11: 20250430 | F11: LN-1001 | G11: 55.15 | H11: 202504 | I11: 202504 | J11: 0

Sheet O_TransactionActivity2
A1: TransactionActivity | B1: {"instrumentId": "LN-1002"}
A2: postingDate ASC | B2: attributeId ASC | C2: transactionName ASC | D2: source ASC | E2: effectiveDate ASC | F2: instrumentId | G2: amount | H2: originalPeriodId | I2: accountingPeriod.periodId | J2: isReplayable
A3: 20250131 | B3: 1 | C3: ORIGINATION_PRINCIPAL | D3: MODEL | E3: 20250131 | F3: LN-1002 | G3: 15000 | H3: 202501 | I3: 202501 | J3: 0
A4: 20250228 | B4: 1 | C4: IMPAIRMENT_LOSS | D4: MODEL | E4: 20250228 | F4: LN-1002 | G4: -166.617 | H4: 202502 | I4: 202502 | J4: 0
A5: 20250228 | B5: 1 | C5: INTEREST_ACCRUAL | D5: MODEL | E5: 20250228 | F5: LN-1002 | G5: 125 | H5: 202502 | I5: 202502 | J5: 0
A6: 20250331 | B6: 1 | C6: IMPAIRMENT_LOSS | D6: MODEL | E6: 20250331 | F6: LN-1002 | G6: -1407.6017 | H6: 202503 | I6: 202503 | J6: 0
A7: 20250331 | B7: 1 | C7: INTEREST_ACCRUAL | D7: MODEL | E7: 20250331 | F7: LN-1002 | G7: 118.1667 | H7: 202503 | I7: 202503 | J7: 0
A8: 20250331 | B8: 1 | C8: PAYMENT_INTEREST | D8: ETL | E8: 20250331 | F8: LN-1002 | G8: -125 | H8: 202503 | I8: 202503 | J8: 0
A9: 20250331 | B9: 1 | C9: PAYMENT_UPB | D9: ETL | E9: 20250331 | F9: LN-1002 | G9: -820 | H9: 202503 | I9: 202503 | J9: 0
A10: 20250430 | B10: 1 | C10: IMPAIRMENT_GAIN | D10: MODEL | E10: 20250430 | F10: LN-1002 | G10: 16954.029 | H10: 202504 | I10: 202504 | J10: 0
A11: 20250430 | B11: 1 | C11: INTEREST_ACCRUAL | D11: MODEL | E11: 20250430 | F11: LN-1002 | G11: 118.1667 | H11: 202504 | I11: 202504 | J11: 0

Sheet O_Attribute
A1: AttributeLevelLtd | B1: {"instrumentId": "LN-1001"}
A2: postingDate ASC | B2: attributeId ASC | C2: metricName ASC | D2: instrumentId | E2: balance.activity | F2: balance.beginningBalance | G2: balance.endingBalance
A3: 20220131 | B3: 1 | C3: AIR | D3: LN-1001 | E3: 0 | F3: 0 | G3: 0
A4: 20220131 | B4: 1 | C4: IMPAIRMENT | D4: LN-1001 | E4: 0 | F4: 0 | G4: 0
A5: 20220131 | B5: 1 | C5: UPB | D5: LN-1001 | E5: 12000 | F5: 0 | G5: 12000
A6: 20220228 | B6: 1 | C6: AIR | D6: LN-1001 | E6: 60 | F6: 0 | G6: 60
A7: 20220228 | B7: 1 | C7: IMPAIRMENT | D7: LN-1001 | E7: -3065.4515 | F7: 0 | G7: -3065.4515
A8: 20220228 | B8: 1 | C8: UPB | D8: LN-1001 | E8: 0 | F8: 12000 | G8: 12000
A9: 20220331 | B9: 1 | C9: AIR | D9: LN-1001 | E9: -4.85 | F9: 60 | G9: 55.15
A10: 20220331 | B10: 1 | C10: IMPAIRMENT | D10: LN-1001 | E10: -283.987 | F10: -3065.4515 | G10: -3349.4385
A11: 20220331 | B11: 1 | C11: UPB | D11: LN-1001 | E11: -970 | F11: 12000 | G11: 11030
A12: 20220430 | B12: 1 | C12: AIR | D12: LN-1001 | E12: 55.15 | F12: 55.15 | G12: 110.3
A13: 20220430 | B13: 1 | C13: IMPAIRMENT | D13: LN-1001 | E13: 2836.4296 | F13: -3349.4385 | G13: -513.0089
A14: 20220430 | B14: 1 | C14: UPB | D14: LN-1001 | E14: 0 | F14: 11030 | G14: 11030

Sheet O_Attribute2
A1: AttributeLevelLtd | B1: {"instrumentId": "LN-1002"}
A2: postingDate ASC | B2: attributeId ASC | C2: metricName ASC | D2: instrumentId | E2: balance.activity | F2: balance.beginningBalance | G2: balance.endingBalance
A3: 20220131 | B3: 1 | C3: AIR | D3: LN-1002 | E3: 0 | F3: 0 | G3: 0
A4: 20220131 | B4: 1 | C4: IMPAIRMENT | D4: LN-1002 | E4: 0 | F4: 0 | G4: 0
A5: 20220131 | B5: 1 | C5: UPB | D5: LN-1002 | E5: 15000 | F5: 0 | G5: 15000
A6: 20220228 | B6: 1 | C6: AIR | D6: LN-1002 | E6: 125 | F6: 0 | G6: 125
A7: 20220228 | B7: 1 | C7: IMPAIRMENT | D7: LN-1002 | E7: -166.617 | F7: 0 | G7: -166.617
A8: 20220228 | B8: 1 | C8: UPB | D8: LN-1002 | E8: 0 | F8: 15000 | G8: 15000
A9: 20220331 | B9: 1 | C9: AIR | D9: LN-1002 | E9: -6.8333 | F9: 125 | G9: 118.1667
A10: 20220331 | B10: 1 | C10: IMPAIRMENT | D10: LN-1002 | E10: -1407.6017 | F10: -166.617 | G10: -1574.2187
A11: 20220331 | B11: 1 | C11: UPB | D11: LN-1002 | E11: -820 | F11: 15000 | G11: 14180
A12: 20220430 | B12: 1 | C12: AIR | D12: LN-1002 | E12: 0 | F12: 118.1667 | G12: 118.1667
A13: 20220430 | B13: 1 | C13: IMPAIRMENT | D13: LN-1002 | E13: 16954.029 | F13: -1574.2187 | G13: 15379.81
A14: 20220430 | B14: 1 | C14: UPB | D14: LN-1002 | E14: 118.1667 | F14: 14180 | G14: 14298.167

Sheet O_Instrument2
A1: InstrumentLevelLtd | B1: {"instrumentId": "LN-1002"}
A2: postingDate ASC | B2: metricName ASC | C2: instrumentId | D2: balance.activity | E2: balance.beginningBalance | F2: balance.endingBalance
A3: 20220131 | B3: AIR | C3: LN-1002 | D3: 0 | E3: 0 | F3: =E3+D3 -> 0
A4: 20220131 | B4: IMPAIRMENT | C4: LN-1002 | D4: 0 | E4: 0 | F4: =E4+D4 -> 0
A5: 20220131 | B5: UPB | C5: LN-1002 | D5: =O_TransactionActivity2!G3 -> 15000 | E5: 0 | F5: =E5+D5 -> 15000
A6: 20220228 | B6: AIR | C6: LN-1002 | D6: =O_TransactionActivity2!G5 -> 125 | E6: =F3 -> 0 | F6: =E6+D6 -> 125
A7: 20220228 | B7: IMPAIRMENT | C7: LN-1002 | D7: =O_TransactionActivity2!G4 -> -166.617 | E7: =F4 -> 0 | F7: =E7+D7 -> -166.617
A8: 20220228 | B8: UPB | C8: LN-1002 | D8: 0 | E8: =F5 -> 15000 | F8: =E8+D8 -> 15000
A9: 20220331 | B9: AIR | C9: LN-1002 | D9: =O_TransactionActivity2!G7+O_TransactionActivity2!G8 -> -6.8333 | E9: =F6 -> 125 | F9: =E9+D9 -> 118.1667
A10: 20220331 | B10: IMPAIRMENT | C10: LN-1002 | D10: =O_TransactionActivity2!G6 -> -1407.6017 | E10: =F7 -> -166.617 | F10: =E10+D10 -> -1574.2187
A11: 20220331 | B11: UPB | C11: LN-1002 | D11: =O_TransactionActivity2!G9 -> -820 | E11: =F8 -> 15000 | F11: =E11+D11 -> 14180
A12: 20220430 | B12: AIR | C12: LN-1002 | D12: 0 | E12: =F9 -> 118.1667 | F12: =E12+D12 -> 118.1667
A13: 20220430 | B13: IMPAIRMENT | C13: LN-1002 | D13: =O_TransactionActivity2!G10 -> 16954.029 | E13: =F10 -> -1574.2187 | F13: =E13+D13 -> 15379.81
A14: 20220430 | B14: UPB | C14: LN-1002 | D14: =O_TransactionActivity2!G11 -> 118.1667 | E14: =F11 -> 14180 | F14: =E14+D14 -> 14298.167

Sheet O_Instrument
A1: InstrumentLevelLtd | B1: {"instrumentId": "LN-1001"}
A2: postingDate ASC | B2: metricName ASC | C2: instrumentId | D2: balance.activity | E2: balance.beginningBalance | F2: balance.endingBalance
A3: 20220131 | B3: AIR | C3: LN-1001 | D3: 0 | E3: 0 | F3: =E3+D3 -> 0
A4: 20220131 | B4: IMPAIRMENT | C4: LN-1001 | D4: 0 | E4: 0 | F4: =E4+D4 -> 0
A5: 20220131 | B5: UPB | C5: LN-1001 | D5: =O_TransactionActivity!G3 -> 12000 | E5: 0 | F5: =E5+D5 -> 12000
A6: 20220228 | B6: AIR | C6: LN-1001 | D6: =O_TransactionActivity!G5 -> 60 | E6: =F3 -> 0 | F6: =E6+D6 -> 60
A7: 20220228 | B7: IMPAIRMENT | C7: LN-1001 | D7: =O_TransactionActivity!G4 -> -3065.4515 | E7: =F4 -> 0 | F7: =E7+D7 -> -3065.4515
A8: 20220228 | B8: UPB | C8: LN-1001 | D8: 0 | E8: =F5 -> 12000 | F8: =E8+D8 -> 12000
A9: 20220331 | B9: AIR | C9: LN-1001 | D9: =O_TransactionActivity!G7+O_TransactionActivity!G8 -> -4.85 | E9: =F6 -> 60 | F9: =E9+D9 -> 55.15
A10: 20220331 | B10: IMPAIRMENT | C10: LN-1001 | D10: =O_TransactionActivity!G6 -> -283.987 | E10: =F7 -> -3065.4515 | F10: =E10+D10 -> -3349.4385
A11: 20220331 | B11: UPB | C11: LN-1001 | D11: =O_TransactionActivity!G9 -> -970 | E11: =F8 -> 12000 | F11: =E11+D11 -> 11030
A12: 20220430 | B12: AIR | C12: LN-1001 | D12: =O_TransactionActivity!G11 -> 55.15 | E12: =F9 -> 55.15 | F12: =E12+D12 -> 110.3
A13: 20220430 | B13: IMPAIRMENT | C13: LN-1001 | D13: =O_TransactionActivity!G10 -> 2836.4296 | E13: =F10 -> -3349.4385 | F13: =E13+D13 -> -513.0089
A14: 20220430 | B14: UPB | C14: LN-1001 | D14: 0 | E14: =F11 -> 11030 | F14: =E14+D14 -> 11030

Sheet O_Metric
A1: MetricLevelLtd | B1: {}
A2: postingDate ASC | B2: metricName ASC | C2: balance.activity | D2: balance.beginningBalance | E2: balance.endingBalance
A3: 20220131 | B3: AIR | C3: =O_Instrument2!D3+O_Instrument!D3 -> 0 | D3: =O_Instrument2!E3+O_Instrument!E3 -> 0 | E3: =O_Instrument2!F3+O_Instrument!F3 -> 0
A4: 20220131 | B4: IMPAIRMENT | C4: =O_Instrument2!D4+O_Instrument!D4 -> 0 | D4: =O_Instrument2!E4+O_Instrument!E4 -> 0 | E4: =O_Instrument2!F4+O_Instrument!F4 -> 0
A5: 20220131 | B5: UPB | C5: =O_Instrument2!D5+O_Instrument!D5 -> 27000 | D5: =O_Instrument2!E5+O_Instrument!E5 -> 0 | E5: =O_Instrument2!F5+O_Instrument!F5 -> 27000
A6: 20220228 | B6: AIR | C6: =O_Instrument2!D6+O_Instrument!D6 -> 185 | D6: =O_Instrument2!E6+O_Instrument!E6 -> 0 | E6: =O_Instrument2!F6+O_Instrument!F6 -> 185
A7: 20220228 | B7: IMPAIRMENT | C7: =O_Instrument2!D7+O_Instrument!D7 -> -3232.0685 | D7: =O_Instrument2!E7+O_Instrument!E7 -> 0 | E7: =O_Instrument2!F7+O_Instrument!F7 -> -3232.0685
A8: 20220228 | B8: UPB | C8: =O_Instrument2!D8+O_Instrument!D8 -> 0 | D8: =O_Instrument2!E8+O_Instrument!E8 -> 27000 | E8: =O_Instrument2!F8+O_Instrument!F8 -> 27000
A9: 20220331 | B9: AIR | C9: =O_Instrument2!D9+O_Instrument!D9 -> -11.6833 | D9: =O_Instrument2!E9+O_Instrument!E9 -> 185 | E9: =O_Instrument2!F9+O_Instrument!F9 -> 173.3167
A10: 20220331 | B10: IMPAIRMENT | C10: =O_Instrument2!D10+O_Instrument!D10 -> -1691.5887 | D10: =O_Instrument2!E10+O_Instrument!E10 -> -3232.0685 | E10: =O_Instrument2!F10+O_Instrument!F10 -> -4923.6572
A11: 20220331 | B11: UPB | C11: =O_Instrument2!D11+O_Instrument!D11 -> -1790 | D11: =O_Instrument2!E11+O_Instrument!E11 -> 27000 | E11: =O_Instrument2!F11+O_Instrument!F11 -> 25210
A12: 20220430 | B12: AIR | C12: =O_Instrument2!D12+O_Instrument!D12 -> 55.15 | D12: =O_Instrument2!E12+O_Instrument!E12 -> 173.3167 | E12: =O_Instrument2!F12+O_Instrument!F12 -> 228.4667
A13: 20220430 | B13: IMPAIRMENT | C13: =O_Instrument2!D13+O_Instrument!D13 -> 19790.459 | D13: =O_Instrument2!E13+O_Instrument!E13 -> -4923.6572 | E13: =O_Instrument2!F13+O_Instrument!F13 -> 14866.801
A14: 20220430 | B14: UPB | C14: =O_Instrument2!D14+O_Instrument!D14 -> 118.1667 | D14: =O_Instrument2!E14+O_Instrument!E14 -> 25210 | E14: =O_Instrument2!F14+O_Instrument!F14 -> 25328.167
